num LLM inferences,Cobblestone,CoqHammer,ChainOfThought,CoqHammer+ChainOfThought
0,0,30,0,0
4,44,30,15.4138286893705,34.3234262125903
8,47,30,19.2,35.3491545606097
12,47,30,21.5,36.0381836945304
16,48,30,23.4,36.5682146542828
20,48,30,25,37