num LLM inferences,Cobblestone,CoqHammer,ChainOfThought,CoqHammer+ChainOfThought
0,0,27,0,0
4,31,27,12.7,29.6406604747162
8,34,27,15.8,30.2057077081845
12,36,27,17.4,30.5508771929825
16,38,27,18.3,30.7964912280702
20,38,27,19,31